experiment,subset,alpha,rank,calib_size,calib_fraction,coverage,volume,time
calibration_size_ablation,eth,0.1,,50,0.1,0.8888888888888888,0.0023528435344511967,12.121571063995361
calibration_size_ablation,eth,0.1,,65,0.2,0.8333333333333334,0.0003809309580929101,11.750698328018188
calibration_size_ablation,eth,0.1,,98,0.3,0.8611111111111112,3.864978662426312e-05,12.490400314331055
calibration_size_ablation,eth,0.1,,163,0.5,0.9444444444444444,9.089802346328555e-05,14.404248237609863
calibration_size_ablation,eth,0.1,,228,0.7,0.9722222222222222,0.00030037324231784395,15.877249002456665
calibration_size_ablation,eth,0.1,,294,0.9,0.9722222222222222,0.00015598549587500057,17.597594261169434
