experiment,subset,alpha,rank,coverage,volume,time
rank_ablation,eth,0.1,4,0.972972972972973,703.7833761759912,19.469961404800415
rank_ablation,eth,0.1,8,0.8378378378378378,775.9828257434241,18.37018656730652
rank_ablation,eth,0.1,12,0.8918918918918919,269.98713966834333,18.5694477558136
rank_ablation,eth,0.1,16,0.8648648648648649,1.4283280039595223,18.727431297302246
rank_ablation,eth,0.1,20,0.8918918918918919,0.008906682203045923,18.44366693496704
rank_ablation,eth,0.1,full,0.9459459459459459,1.2774341087734298e-05,18.542286157608032
