experiment,subset,alpha,rank,past_window,coverage,volume,time
past_window_ablation,eth,0.1,,20,0.8918918918918919,1.0377079409306766e-05,19.542083501815796
past_window_ablation,eth,0.1,,50,0.8918918918918919,3.4399833280282606e-06,18.847301483154297
past_window_ablation,eth,0.1,,75,0.8378378378378378,1.677099013739214e-05,18.59194278717041
past_window_ablation,eth,0.1,,100,0.8648648648648649,2.5086024362768713e-05,18.514021635055542
past_window_ablation,eth,0.1,,150,0.8108108108108109,0.00010949378368281634,18.16866660118103
past_window_ablation,eth,0.1,,200,0.8918918918918919,8.615690864878141e-05,18.455084562301636
