experiment,subset,alpha,rank,past_window,coverage,volume,time
past_window_ablation,eth,0.1,,20,0.8918918918918919,7.592053867960131e-06,19.3443341255188
past_window_ablation,eth,0.1,,50,0.918918918918919,1.0822335438917788e-05,18.422099590301514
past_window_ablation,eth,0.1,,75,0.8378378378378378,9.719926658096244e-06,18.42159676551819
past_window_ablation,eth,0.1,,100,0.8918918918918919,1.4078708657977667e-05,18.494423389434814
past_window_ablation,eth,0.1,,150,0.8918918918918919,2.603527013644334e-05,18.432327032089233
past_window_ablation,eth,0.1,,200,0.8108108108108109,5.881961353806007e-06,18.6351900100708
