experiment,subset,alpha,rank,coverage,volume,time
rank_ablation,eth,0.1,4,0.972972972972973,689.2930571950537,19.375205039978027
rank_ablation,eth,0.1,8,0.8108108108108109,2460.7251749143074,18.22874903678894
rank_ablation,eth,0.1,12,0.8918918918918919,61.62846393147907,18.370591163635254
rank_ablation,eth,0.1,16,0.8648648648648649,0.49428305221865965,18.739006519317627
rank_ablation,eth,0.1,20,0.918918918918919,0.010966267918783062,18.42978835105896
rank_ablation,eth,0.1,full,0.972972972972973,8.932210383134152e-06,18.379785776138306
