experiment,subset,alpha,rank,calib_size,calib_fraction,coverage,volume,time
calibration_size_ablation,eth,0.1,,50,0.1,0.8888888888888888,0.002224755133074428,12.0949068069458
calibration_size_ablation,eth,0.1,,65,0.2,0.8333333333333334,0.0032721857797296055,11.831343650817871
calibration_size_ablation,eth,0.1,,98,0.3,0.9444444444444444,6.9398976330174764e-06,12.664582252502441
calibration_size_ablation,eth,0.1,,163,0.5,0.9722222222222222,0.00012123139453515966,14.592636823654175
calibration_size_ablation,eth,0.1,,228,0.7,0.8888888888888888,0.0005547246494820115,15.919775485992432
calibration_size_ablation,eth,0.1,,294,0.9,0.9166666666666666,0.0002851918035165592,17.713552951812744
