sample_idx,minADE,minFDE,det_ADE,det_FDE,K_samples,coverage_level
0,0.14375974,0.09141433,0.45898274,0.91098124,20,90.0
1,0.845282,2.140054,0.97583514,2.6694102,20,90.0
2,0.2606888,0.16819634,0.83594006,1.3312305,20,90.0
