sample_idx,minADE,minFDE,det_ADE,det_FDE,K_samples,coverage_level
0,0.14375982,0.09141576,0.45898297,0.91098136,20,90.0
1,0.8452808,2.1400523,0.9758348,2.6694078,20,90.0
2,0.26068938,0.16819566,0.8359398,1.3312294,20,90.0
